"stages","groups","sampleSizes","means","stDevs","overallSampleSizes","overallMeans","overallStDevs"
1,1,13,242,244,13,242,244
1,2,15,188,212,15,188,212
1,3,14,267,256,14,267,256
1,4,12,92,215,12,92,215
2,1,25,222,221,38,228.842105263158,226.013456465663
2,2,NA,NA,NA,NA,NA,NA
2,3,27,277,232,41,273.585365853659,237.292749110646
2,4,29,122,227,41,113.219512195122,221.29878131105
